,Spot Fundamentals,,,,,,,,CPS,,,,,,,,,,,Raw Nuclide Ratios,,,,,,,,,,,,,,,,,,,,,,,
,,,,,,,,,total,total,total,total,total,total,total,total,total,total,total,,,,,,,,,,,,,,,,,,,,,,,,
,,,,,,,,Primary,190,195.8,195.9,204,BKG,206,207,208,238,248,254,,,,,,,,,,,,,,,,,,,,,,,,
,,,Stage,Stage,Stage,,,beam,cts,cts,cts,cts,cts,cts,cts,cts,cts,cts,cts,190,,195.9,,204,,206,,206,,207,,208,,208,,238,,248,,248,,254,
Fraction   ,Date/Time ,Hours ,X ,Y ,Z ,Qt1y ,Qt1z ,(na) ,/sec ,/sec ,/sec ,/sec ,/sec ,/sec ,/sec ,/sec ,/sec ,/sec ,/sec ,/195.8 ,+/-1sigma % ,/195.8 ,+/-1sigma % ,/206 ,+/-1sigma % ,/238 ,+/-1sigma % ,/254 ,+/-1sigma % ,/206 ,+/-1sigma % ,/206 ,+/-1sigma % ,/248 ,+/-1sigma % ,/195.8 ,+/-1sigma % ,/195.8 ,+/-1sigma % ,/254 ,+/-1sigma % ,/238 ,+/-1sigma % 
1214,,,,,,,,,,,,,,,,,,,,,,,,,,,,,,,,,,,,,,,,,,,
1214-017.2 ,11/29/2016 20:46,50.363,6964,3406,4318,-185,-986,-6.7,5671.127602,13757.21989,106553.7754,0.366666671,0.083333334,2378.938205,440.2240939,379.5954931,1741.442733,5617.97267,10927.60289,0.410981404,0.664251648,7.737893586,0.747614254,1.19E-04,24.25467336,1.370223661,0.457477171,0.218337013,0.345550001,0.185003621,0.423354612,0.159939593,2.188294773,0.067541292,2.212181509,0.124191641,0.554649272,0.399102392,0.71351706,0.514397384,0.600311671,6.257733024,0.441973432
1242,,,,,,,,,,,,,,,,,,,,,,,,,,,,,,,,,,,,,,,,,,,
1242-005.1 ,11/27/2016 19:07,0.711,6965,3492,3991,-164,-986,-6.7,5582.646049,14211.8311,112723.4796,0.166666668,0.1,2514.886803,460.3270616,423.8554787,1863.687988,6216.857606,11550.11714,0.392297722,0.664927835,7.921372941,0.387515129,2.65E-05,50.00050953,1.348493587,0.799188005,0.217719855,0.545185275,0.182991055,0.414818785,0.165872705,2.072453106,0.067998219,4.436500373,0.131137827,0.542281696,0.437016918,0.685172814,0.538249295,0.574798256,6.188322054,0.429725
1242-006.1 ,11/27/2016 19:23,0.989,6965,3542,3931,-164,-986,-6.4,2958.97721,14778.32133,126319.9734,0.229629632,0.150000001,1088.173028,199.0242196,167.9264943,817.9006676,2395.659976,5041.908427,0.200069677,0.837694768,8.629648454,0.421104728,7.32E-05,45.75085834,1.330068677,0.666128436,0.215310382,0.503806381,0.183021134,0.626216102,0.15480813,3.277704005,0.06929934,3.303157842,0.055563289,1.080483884,0.163101973,0.973764867,0.474726142,0.907144574,6.177202524,0.642620486
1242-001.1 ,11/27/2016 23:50,5.434,6964,3338,4050,-171,-986,-7,5119.391601,13881.26163,112790.9567,0.233333335,0.05,2847.243925,519.8910058,578.8400918,2139.623894,8621.798339,13280.24182,0.368823573,0.686704832,8.118362031,0.395685061,6.44E-05,30.151881,1.337522173,0.420451291,0.216061031,0.32035205,0.182029908,0.392383659,0.202999906,1.782617023,0.067321798,1.804165592,0.15268135,0.530772936,0.613110926,0.626640594,0.649365077,0.502485526,6.195981588,0.403348456
1242-002.1 ,11/28/2016 1:26,7.028,6959,3406,3968,-121,-986,-6.9,8367.524898,15067.25123,108677.7908,0.333333338,0.066666667,3223.510132,590.0962609,872.4596882,2405.366595,12899.20368,14986.48399,0.556246326,1.211385272,7.20769075,1.03080205,8.27E-05,25.00079522,1.347129085,0.669424106,0.215718778,0.297292193,0.182707947,0.363584103,0.270053834,1.446574994,0.06746948,1.452319957,0.157503166,0.504240829,0.846455166,1.096126877,0.86057385,0.421763763,6.227126882,0.377184162
1242-003.1 ,11/28/2016 3:38,9.228,6959,3366,4078,-121,-986,-6.7,4987.335188,13543.05534,110945.3219,0.133333335,0.1,2311.560011,424.6886834,459.6153935,1650.529258,6738.41285,10446.76842,0.368132079,1.093668166,8.188952673,0.404318331,1.44E-05,70.7110689,1.402838861,0.471394586,0.220769041,0.35468773,0.183776533,0.947307099,0.197749194,2.015463235,0.067460504,2.002054356,0.121259078,0.92929276,0.501382093,1.374238152,0.645858147,1.068678572,6.343552524,0.46224754
1242-007.1 ,11/28/2016 5:50,11.435,6959,3516,4033,-120,-986,-6.1,6189.630532,13986.78634,125178.3722,0.333333337,0.066666667,2874.558945,524.5315459,462.9857872,2170.723978,7279.735237,13389.81143,0.442733278,1.636132346,9.010249728,0.431886076,9.28E-05,25.00089186,1.313276494,0.656155742,0.212576446,0.313038254,0.18260909,0.406780851,0.161913941,1.957658168,0.063626653,1.986820691,0.157410825,0.575140929,0.52410947,1.454054474,0.543274231,0.533468985,6.168675392,0.398318027
1242-008.1 ,11/28/2016 8:02,13.625,6959,3568,4006,-120,-986,-7,5737.981725,13759.57209,110673.2078,0.183333334,0.166666667,2294.793052,420.9690885,322.3354236,1745.952452,5315.329496,10746.10339,0.417881293,0.669941933,8.061660598,0.834455907,7.26E-06,100.0002793,1.325755986,0.77919601,0.215198371,0.354204038,0.18292636,0.436499828,0.140245396,2.387808125,0.060565766,2.42052217,0.125263319,0.562027483,0.382680641,0.742992524,0.493560987,0.623431876,6.15727243,0.448558007
1242-011.1 ,11/28/2016 10:13,15.811,6959,3368,4217,-136,-986,-6.5,5414.357959,14257.29818,126185.2161,0.200000002,0.1,2416.081579,443.5717435,317.3353542,1828.173591,4837.964627,11245.18487,0.380495043,1.079190513,8.851429685,0.387892471,4.14E-05,40.82547866,1.335318032,0.494852303,0.215982649,0.340732297,0.18327013,0.419689161,0.130837049,2.377775888,0.065400567,2.412020944,0.127203847,0.543671982,0.336890642,0.742458259,0.431395267,0.638027468,6.138561036,0.43438604
1242-010.1 ,11/28/2016 12:24,17.999,6959,3418,4147,-128,-986,-6.5,2133.721856,13153.78983,121629.3207,0.283333337,0.016666667,808.9148249,149.0602715,99.92612691,607.4073405,1545.682214,3857.67118,0.161767515,0.965556999,9.254208466,0.39964259,3.30E-04,25.00316952,1.337053562,1.284651338,0.210044536,0.58715326,0.184299065,0.736788478,0.122610694,4.346859206,0.064489955,4.367352513,0.045787752,0.787873036,0.116445761,1.20708224,0.400464781,1.126533893,6.352534066,0.75201133
1242-013.1 ,11/28/2016 14:35,20.187,6959,3533,4112,-120,-986,-6.2,4060.705653,14053.79629,135317.5838,0.216666668,0.05,3450.630145,634.313291,536.6353982,2557.492465,8020.757587,16039.44061,0.289276193,1.235558066,9.624160101,0.82395053,4.83E-05,31.62336391,1.358198136,0.942168037,0.216691897,0.463010755,0.183472354,0.351584122,0.153848793,1.849014871,0.067306342,1.863391951,0.179909658,0.503710996,0.561715485,0.633140589,0.500137231,0.505823969,6.259177125,0.368657633
1242-014.1 ,11/28/2016 16:48,22.403,6959,3583,4092,-120,-986,-5.9,5474.698537,11418.72687,105810.5939,0.26666667,0.033333333,2661.927992,488.5574504,388.1697474,2003.370747,5811.591047,12407.52112,0.479031007,0.715402646,9.261762978,0.445090698,8.77E-05,26.72702505,1.343300677,0.435898787,0.215744032,0.337822488,0.183421157,0.417999454,0.143641813,2.212466528,0.066757324,2.225178883,0.178095507,0.583333246,0.51909543,0.749023255,0.467109491,0.614394955,6.222606086,0.427948595
1242-020.1 ,11/28/2016 20:00,25.599,6964,3645,4268,-169,-986,-6.1,4271.364138,14449.60364,114966.5473,0.216666668,0.016666667,1788.263116,328.6967892,278.7237958,1319.053362,4027.417477,8213.091808,0.295336346,0.724625125,7.961369017,0.382647041,1.12E-04,28.86875509,1.351908236,0.52147579,0.217475873,0.433902061,0.184229928,0.803072721,0.157242299,2.53020389,0.068568602,2.577471511,0.091871797,0.590745637,0.281103863,0.79100433,0.490106661,0.708766061,6.238112147,0.506961731
1242-015.1 ,11/29/2016 1:42,31.299,6959,3527,4204,-127,-986,-6.5,4762.191079,15397.35773,125916.4158,0.300000002,0.083333334,1928.327364,353.3502679,288.4275931,1451.629665,4236.032181,8878.225838,0.309442679,1.358197047,8.175159554,0.880586587,1.12E-04,27.73620829,1.334872126,0.500612451,0.216887415,0.380452417,0.183025469,0.46993997,0.148225796,2.505471753,0.068093993,2.514596196,0.093439163,0.567103149,0.273975197,1.305736527,0.476538691,0.684993541,6.119823003,0.9154811
1242-016.1 ,11/29/2016 3:53,33.488,6959,3629,4206,-135,-986,-6.1,5953.494891,13393.612,108452.4385,0.261111113,0.100000001,2511.686674,460.4841678,528.8389683,1892.522972,7918.382935,11583.22003,0.444369371,0.661503361,8.084184585,0.403608753,6.41E-05,32.16416941,1.323998435,0.445270058,0.215538717,0.342794971,0.183590658,0.767128001,0.210760939,1.914631736,0.06637363,1.905217419,0.14180566,0.559486206,0.595632761,0.657840494,0.683548396,0.532026869,6.1237067,0.432004291
1242-014.2 ,11/29/2016 6:05,35.679,6959,3594,4131,-127,-986,-6.5,7481.880103,13200.39667,98582.7295,0.283333336,0.083333334,3072.488501,566.3891065,514.653504,2366.578304,7747.873757,14517.76699,0.567918543,1.244543147,7.46600925,0.973772189,6.51E-05,28.86823606,1.309685865,0.399874514,0.214279519,0.591274724,0.18468993,0.377721165,0.16641781,1.878306887,0.066719643,1.891695956,0.177044782,0.848972287,0.579728678,1.034024085,0.534617379,0.521911424,6.102148202,0.651465823
1242-019.1 ,11/29/2016 8:17,37.884,6959,3569,4266,-134,-986,-6.3,6764.139306,14112.69301,103865.4682,0.283333337,0.033333333,3020.857641,554.7909396,498.875358,2192.807669,7360.134456,13770.70661,0.479157622,0.620149312,7.361504431,0.816634415,8.28E-05,25.82071063,1.372305805,0.905809679,0.21881224,0.306935796,0.183894357,0.747065453,0.165582096,1.894383085,0.067785684,1.91238722,0.155555402,0.520595485,0.523286575,0.642263618,0.534372012,0.530074712,6.289106368,0.920751028
1242-017.1 ,11/29/2016 10:29,40.076,6959,3409,4291,-143,-986,-6.4,6784.74624,13245.80092,97899.15986,0.21666667,0.05,2688.226547,487.974373,484.0047289,2007.90249,7470.887161,12386.31009,0.511365831,0.632825448,7.390013954,0.404410065,6.20E-05,31.62353041,1.329841715,0.432511242,0.215857058,0.327778141,0.182095866,0.403396215,0.180721701,1.941209766,0.064442451,1.945489645,0.15207726,0.544360303,0.564567243,0.658590151,0.602677741,0.540702714,6.166204239,0.417466963
1242-020.2 ,11/29/2016 18:08,47.733,6962,3658,4249,-143,-986,-6.6,4745.11863,13131.53374,107595.9146,0.166666668,0.016666667,2642.974583,485.8214828,552.0061393,1981.292131,8180.694803,12440.01468,0.361929959,0.722437676,8.198754203,0.409678753,5.68E-05,33.33406083,1.356201304,0.434527706,0.216765476,0.331021088,0.182375416,0.407063403,0.206611874,3.201539032,0.0677611,3.325591334,0.147435329,0.553931881,0.606287029,0.642545827,0.658584092,0.513574923,6.25963704,0.41633171
11887,,,,,,,,,,,,,,,,,,,,,,,,,,,,,,,,,,,,,,,,,,,
11887-001.1,11/27/2016 22:56,4.54,6960,3149,3535,-113,-986,-5.9,4930.541182,13668.58417,142711.2829,0.366666672,0.05,2192.536331,404.9866056,532.6167984,1668.4501,8250.067755,10202.60371,0.360830749,0.691439748,10.43284758,0.388301122,1.44E-04,22.9428476,1.313733143,0.948645695,0.214747564,0.603186071,0.184904925,0.440794507,0.239958489,1.84837817,0.06407121,3.738458048,0.121833964,0.55999892,0.605396577,0.622303771,0.816460357,0.576887415,6.124152487,0.451081704
11887-002.1,11/28/2016 8:18,13.898,6960,3254,3520,-128,-986,-6.7,5342.847404,13639.04897,125237.8627,0.183333334,0.066666667,1601.017641,293.9799285,422.7258097,1193.440393,6619.543803,7314.154584,0.390901275,0.677437966,9.168875143,0.396642227,7.29E-05,37.79750653,1.33656036,0.556491469,0.217673482,0.421724728,0.184130304,0.519397532,0.263323889,2.109392983,0.064109558,2.072161692,0.087797136,0.620064652,0.487335486,0.674651667,0.901749778,0.592217856,6.141710773,0.537210308
11887-004.1,11/28/2016 8:34,14.171,6960,3269,3545,-128,-986,-6.1,2616.819148,13838.63838,146632.9338,0.150000001,0.05,902.5362675,164.7897386,177.0376746,678.7110803,2623.804378,4138.131916,0.188329285,0.881807581,10.58741385,0.385549752,1.11E-04,40.82656868,1.322264115,0.730057207,0.21660517,0.858202954,0.183074252,0.687942792,0.199480802,3.167750455,0.066858576,3.231565687,0.049260998,0.74486323,0.191399875,0.942840048,0.634517183,0.888824724,6.097006769,0.707661463
11887-003.1,11/28/2016 8:51,14.444,6960,3184,3570,-128,-986,-6.2,8738.04402,14274.9421,141926.0448,0.885185208,0.066666667,3377.750231,627.4148554,830.4767833,2528.887817,12390.40655,15496.67989,0.610611593,1.890195282,9.932102071,1.014028458,1.79E-04,33.95675814,1.338654951,0.849885574,0.217733047,0.507606117,0.185769383,0.57994339,0.245793147,1.47507341,0.066922789,1.481465177,0.175667073,0.933425459,0.865803001,1.892607736,0.798668902,0.663181929,6.129364772,0.661272726
11887-007.1,11/28/2016 9:23,14.991,6960,3301,3532,-119,-986,-6.9,7544.243357,13467.83126,133129.5686,0.216666669,0.083333334,2954.321804,546.2049238,723.1771917,2247.326687,11045.70896,13924.88462,0.5607262,1.041787248,9.985455389,0.44327063,4.51E-05,35.35595257,1.329915142,0.660218164,0.2148738,0.592646536,0.184224182,0.386380685,0.242293048,1.614188086,0.065444994,1.623003223,0.164615383,0.871650704,0.809327439,0.586364824,0.795513218,0.455261801,6.176613118,0.396417332
11887-008.1,11/28/2016 9:40,15.264,6960,3356,3512,-111,-986,-6.4,3130.078567,13643.19444,144185.8511,0.200000001,0.083333334,1128.407231,207.4369611,243.9456453,820.1894737,3515.859691,5085.296591,0.229343283,0.826398312,10.60873907,0.391928611,1.03E-04,37.79795018,1.372643171,0.662956366,0.219436094,0.506026172,0.184347059,0.620877274,0.217781506,2.737460142,0.069343058,2.736781824,0.060246356,0.702844354,0.259043848,1.41597767,0.687810043,0.77796573,6.221851312,0.642305538
11887-011.1,11/28/2016 9:56,15.537,6960,3421,3495,-111,-986,-6,5528.71875,14073.42963,147574.8573,0.166666668,0.133333334,2665.207669,492.2069051,676.7128844,1977.173714,10601.96211,12148.74009,0.393288654,0.66177938,10.4830143,0.383575825,1.25E-05,70.71101757,1.341411565,0.4272844,0.218362715,0.326366855,0.185345075,0.628240647,0.255945755,1.642213152,0.063588355,1.643416425,0.141406459,0.530936622,0.759785322,0.578495525,0.872227043,0.465140552,6.150039338,0.717668108
11887-009.1,11/28/2016 10:29,16.086,6960,3416,3465,-111,-986,-6.9,6088.446614,13604.27665,123205.9663,0.216666668,0.066666667,2089.270038,386.6218084,633.2673086,1559.46018,9282.784253,9747.666938,0.447653146,0.650841874,9.056063774,0.395312716,7.18E-05,33.3342537,1.357909079,0.843803755,0.217006194,0.36940336,0.184232566,0.451439433,0.299907612,1.709996199,0.067871713,1.703881798,0.112132044,0.572678625,0.671484036,0.6104113,0.955436402,0.501416201,6.23999953,0.473126845
11887-010.1,11/28/2016 10:46,16.358,6960,3468,3440,-103,-986,-6.7,3421.693772,13220.42108,119969.3507,0.150000001,0.066666667,972.4552022,178.5670983,222.0750628,725.41469,3222.214154,4470.172987,0.25860747,1.243374871,9.056414115,0.401873393,8.57E-05,44.72283351,1.340385013,0.717341517,0.218360293,0.54281739,0.183654311,0.663496351,0.228811655,2.884724991,0.068960077,2.901265739,0.05475313,0.738143731,0.242694244,0.880869964,0.721341722,0.824750769,6.140823781,0.687449264
11887-012.1,11/28/2016 11:02,16.631,6960,3488,3485,-103,-986,-6.3,9451.298011,13108.26156,116078.4646,0.150000001,0.183333334,3250.665978,605.6477761,1185.921903,2382.592344,17417.19334,14868.94817,0.720570155,1.054076507,8.85217308,0.700236841,-1.03E-05,70.71095687,1.361777339,0.391581482,0.218434738,0.634872335,0.186483308,0.365815735,0.366314419,1.255585006,0.068152775,1.257131066,0.182211613,0.527108547,1.332590373,0.885785933,1.171442765,0.383511108,6.227173199,0.383271899
11887-017.1,11/28/2016 11:35,17.179,6965,3633,3397,-153,-986,-6.5,6808.237983,14197.38463,124458.4387,0.283333336,0.033333333,1839.254146,340.068198,528.9130669,1353.507217,7651.679461,8393.297799,0.479662357,2.167271926,8.767567591,0.384909137,1.36E-04,25.82123867,1.349966979,1.130317645,0.21644511,0.390898487,0.185763771,0.482228109,0.29687608,1.997327755,0.068825405,3.222732466,0.095372317,1.85783184,0.54529065,3.902171996,0.907525066,1.930958531,6.220962919,0.900653682
11887-018.1,11/28/2016 11:51,17.452,6965,3686,3382,-136,-986,-6.8,2983.735334,14013.8603,147961.7137,0.383333337,0.05,1082.766129,202.3694755,226.4825116,790.2939837,3190.076612,5007.436458,0.212724818,0.848493955,10.52884928,0.680508451,3.08E-04,22.36332724,1.377951001,1.412803904,0.21742869,1.174746448,0.186192566,0.622272001,0.2055616,2.869911829,0.070837577,2.840834648,0.055333338,0.710181505,0.224441304,0.879483342,0.636433326,0.813460016,6.341918813,0.65320609
11887-024.1,11/28/2016 12:08,17.725,6965,3801,3407,-136,-986,-6.7,7622.983791,13389.94825,136390.3311,0.266666668,0.033333333,3395.734802,635.1243708,835.8658956,2565.27854,12467.50461,15861.97731,0.570806677,0.609096568,10.17449536,0.396205227,6.87E-05,26.72683043,1.342478056,0.383509816,0.217018449,0.293088973,0.185619918,0.355829535,0.244175712,1.493766708,0.067001231,1.487321842,0.187740673,0.511080884,0.913467612,0.565636523,0.786145739,0.428377716,6.180777338,0.369387304
11887-027.1,11/28/2016 12:40,18.274,6965,3819,3390,-128,-986,-5.9,6306.027532,13304.35024,125821.1241,0.292592595,0.100000001,2375.548982,438.9981992,616.211374,1719.893971,9613.359375,10682.20489,0.473168569,1.089138967,9.447228739,0.398337833,8.11E-05,29.41833741,1.374958511,0.460545663,0.219748728,0.350850513,0.185744853,0.429101976,0.260165512,1.748930366,0.063850948,1.766133134,0.132105357,0.616204822,0.73089911,1.651342381,0.895469428,0.494106416,6.235893732,0.450471229
11887-029.1,11/28/2016 12:57,18.548,6965,3194,3627,-178,-986,-5.9,6573.522861,13921.7101,148900.6144,0.433333342,0.05,3553.477109,656.8882337,685.8242388,2533.029413,9974.032125,15942.06528,0.471734698,0.628282862,10.70088265,0.385266078,1.08E-04,20.8523063,1.391925831,0.375205544,0.220557713,0.285561485,0.185619005,0.628284582,0.193752522,1.628197002,0.068573987,1.639380069,0.183577478,0.504308188,0.721244692,0.590129991,0.62506938,0.464507489,6.307708633,0.366710128
11887-031.1,11/28/2016 13:13,18.82,6960,3224,3647,-128,-986,-6.6,6710.870505,14089.68615,132682.0088,0.27777778,0.083333334,2386.231004,439.2902512,545.1726327,1813.494398,8128.051599,11107.60244,0.477225049,0.628844718,9.423813374,0.663712557,8.15E-05,29.27791962,1.321982726,0.953992149,0.215538477,0.653901956,0.183657237,0.422717114,0.231339236,1.836480316,0.066517225,1.836347259,0.127560523,0.544466288,0.572902531,0.628056494,0.731499476,0.517299786,6.134054334,0.434794069
11887-030.1,11/28/2016 13:46,19.367,6960,3261,3591,-128,-986,-6.7,4118.246455,13046.59362,136609.1279,0.366666671,0.116666667,1857.105865,340.2213077,452.8930011,1401.85053,6911.903939,8659.666727,0.316094199,0.752642448,10.49207356,0.402235048,1.35E-04,25.82122567,1.33904674,0.522200504,0.216473008,0.392775866,0.182137617,0.484965978,0.241927734,2.034642855,0.066044671,2.050950703,0.10619668,0.598575277,0.519844683,0.680784428,0.797575482,1.016416111,6.169229561,0.501213254
11887-032.1,11/28/2016 14:02,19.64,6960,3276,3631,-128,-986,-6.1,6652.30399,12657.11079,110540.9241,0.216666668,0.066666667,1925.685609,360.2179872,525.264788,1441.571903,7950.862494,8928.144804,0.526540703,1.162890484,8.71994775,0.412209333,7.79E-05,33.33433189,1.347036613,0.504989533,0.217241363,0.384517417,0.186635418,0.468162075,0.271317714,1.864227302,0.066111084,1.887093495,0.113166754,1.545294598,0.627763298,1.073465104,0.890024158,0.543051521,6.178699873,0.495757867
11887-035.1,11/28/2016 14:19,19.914,6960,3336,3606,-128,-986,-5.4,6714.296919,13603.34107,133307.432,0.283333336,0.016666667,2280.778961,422.4162277,559.1729578,1658.34717,8281.394549,10274.19547,0.493468916,1.078181255,9.798925477,0.392158559,1.17E-04,25.00112407,1.360020188,1.231489623,0.218905988,0.782856357,0.186604696,0.431323982,0.245896268,1.80282091,0.067360064,1.810040699,0.123765512,0.560157068,0.61864035,0.623587571,0.80425438,0.519026822,6.204730808,0.453354734
11887-033.1,11/28/2016 14:52,20.461,6960,3331,3561,-120,-986,-6.6,3600.27526,13635.46191,145232.267,0.350000003,0.033333333,1210.65157,224.0281304,302.5388704,919.5727153,4521.590925,5663.618001,0.26446701,0.788300975,10.66456491,0.393565457,2.62E-04,22.94388121,1.324683765,0.636219007,0.216146393,0.481658918,0.184538313,0.592567636,0.249448235,2.473777152,0.067192713,2.469347439,0.066561687,0.678152991,0.325967501,0.781086441,0.799477428,0.698168546,6.142423002,0.608518297
11887-040.1,11/28/2016 20:57,26.554,6965,3505,3563,-160,-986,-7.2,3201.644802,14789.131,156270.7406,0.216666668,0.033333333,1325.710762,246.106675,266.9643921,951.3234269,3744.871703,5931.379546,0.21697557,1.326415092,10.56200591,0.944587749,1.38E-04,30.15273805,1.422326459,0.679092373,0.225988763,1.056353083,0.185054695,0.564575822,0.200925216,2.642577261,0.071055387,2.653519936,0.062963465,1.343425253,0.249560878,1.305298519,0.632287338,0.749226793,6.221795155,0.598249544
11887-104.1,11/28/2016 21:15,26.851,6966,3744,3614,-168,-986,-7.1,2990.333813,13848.25781,149676.8192,0.183333335,0.116666667,1707.373789,313.1994407,262.2050827,1226.308129,4010.993984,7665.425725,0.216164242,1.856451736,10.80925793,0.92459506,3.90E-05,50.00075066,1.402833693,0.910317115,0.224279281,0.41019377,0.183120456,0.5051025,0.152667006,2.636307965,0.065274931,2.641153814,0.086913526,1.306625278,0.284328584,2.126904623,0.523394431,1.144545614,6.247179171,0.525137412
11887-087.1,11/28/2016 21:33,27.154,6964,3221,3778,-176,-986,-6.8,3023.530201,13752.30002,141160.2256,7.559260467,0.033333333,2402.841942,531.112328,557.6173332,1594.617345,4781.0283,10218.12542,0.219829158,1.338276466,10.26156569,0.39079911,0.002986726,4.889661588,1.514333235,1.129847823,0.235566349,0.625576678,0.221505181,0.797349386,0.23299305,1.816509428,0.116696612,3.140641146,0.115084338,0.573717291,0.345696983,0.756107364,0.474885359,0.718832182,6.394347741,0.464975193
11887-087.2,11/29/2016 0:53,30.478,6964,3236,3773,-160,-986,-6.9,7801.069893,14340.58673,158081.2419,0.300000002,0.083333334,5295.524279,970.5803996,1193.546293,4039.454162,18759.55376,25286.66312,0.54442225,0.601431917,11.02214643,0.386995055,4.09E-05,27.73544616,1.320943969,0.68437782,0.210929572,0.236472507,0.182637698,0.286638404,0.223671319,1.248422384,0.063843102,1.255444325,0.277721946,0.465975876,1.29028936,0.895792544,0.742354045,0.352108952,6.258214932,0.298036705
11887-045.1,11/29/2016 1:09,30.752,6966,3672,3467,-160,-986,-6.7,4241.592661,14234.98207,129010.3678,0.166666668,0.083333334,1391.642255,254.5723139,392.2808632,1024.334689,5788.009746,6326.258264,0.298274015,0.736223145,9.064690307,0.38639387,5.99E-05,44.72238942,1.363002986,0.600168904,0.218660039,0.451819429,0.182187643,0.555543182,0.280880954,2.198639181,0.067415998,2.201773913,0.07148843,0.644018604,0.407822236,0.703169272,0.915380494,0.631631894,6.237791748,0.582789887
11887-074.1,11/29/2016 1:26,31.025,6961,3733,3532,-110,-986,-6,4873.985949,14725.0442,133624.3871,0.166666668,0.066666667,1741.82801,323.6594737,516.5979584,1259.370921,7644.402886,7883.249906,0.330597019,0.690734041,9.067521568,0.378382016,5.74E-05,40.82573042,1.377598254,0.891708973,0.219604406,0.769100182,0.186044202,0.49475862,0.295520657,1.87008969,0.067111209,1.891293845,0.086365469,0.595510647,0.526405356,0.632655625,0.970345372,0.551664314,6.270149023,0.519240715
11887-076.1,11/29/2016 1:58,31.573,6961,3744,3564,-110,-986,-7.3,4216.983699,15117.65668,164290.4645,0.316666669,0.083333334,1832.822941,340.8100348,399.6328296,1352.707395,5911.236615,8492.145845,0.279698239,0.737309571,10.86767717,0.899350573,1.27E-04,26.72743273,1.372179562,0.521386313,0.218655299,0.390713697,0.18514028,0.7677686,0.214224081,2.140429465,0.067771444,2.136655364,0.087736738,0.982589154,0.385085227,1.55867398,0.69685549,0.600895232,6.258856734,0.502759269
11887-075.1,11/29/2016 2:15,31.846,6961,3699,3584,-127,-986,-7.2,4238.59067,14347.92617,152591.9963,0.166666668,0.05,2208.567321,407.5173193,461.0227957,1679.319568,7053.034342,10384.98635,0.29993399,0.825009544,10.72680253,0.432203672,5.28E-05,37.79721511,1.325355486,0.931687363,0.215217846,0.394441259,0.18405948,0.440497247,0.209531582,1.981922362,0.065193364,2.001125838,0.115465424,1.1152964,0.484511043,1.519643648,0.679882832,0.554365172,6.175451157,0.455235318
11887-073.1,11/29/2016 2:31,32.12,6961,3692,3549,-127,-986,-6.5,5278.217154,13800.95829,140186.3088,0.183333334,0.05,2557.346838,469.5489741,693.6578364,1875.864483,10650.53664,11693.87405,0.381823245,0.681882852,10.1652587,0.392762625,5.21E-05,35.35604795,1.36276558,0.444788649,0.217884437,0.339002217,0.183508191,0.413652449,0.270551535,2.751282191,0.064873413,2.783508079,0.136490179,0.961575143,0.775612071,0.980950272,0.909198655,0.474177351,6.24257388,0.435781108
11888,,,,,,,,,,,,,,,,,,,,,,,,,,,,,,,,,,,,,,,,,,,
11888-002.1,11/27/2016 22:23,3.985,6961,3022,2856,-105,-986,-6.3,4073.115392,12812.38423,164678.9112,0.116666668,0.033333333,1747.706761,322.2169207,99.0187169,1320.398622,1452.225188,8181.210547,0.317833877,1.417802284,12.84093295,0.401736729,4.77E-05,44.72217948,1.328017367,0.532102104,0.214947069,0.700616427,0.184212354,0.495364361,0.055642179,4.410168975,0.068527691,4.426040986,0.102295821,0.613344098,0.112206094,1.240628033,0.178090485,1.125708231,6.175623535,0.509449257
11888-007.1,11/28/2016 0:36,6.207,6966,3107,2881,-154,-986,-7.1,5828.229841,14094.39529,126710.4938,0.066666667,0.083333334,2671.096964,499.6778983,707.6396828,1962.812083,10623.53095,12453.63405,0.414179184,0.660579193,8.986863672,0.389739479,-6.24E-06,100.0002401,1.37768508,0.435016936,0.217033689,0.32615347,0.186494477,0.401034942,0.264050773,1.620644675,0.066743901,1.624207072,0.136585977,0.541973864,0.743388556,0.592768333,0.854884459,0.464926478,6.339414716,0.420212378
11888-008.1,11/28/2016 0:53,6.48,6966,3207,2869,-154,-986,-6.7,7753.640364,14043.01027,175601.4701,0.200000001,0.083333334,2543.413256,468.9281586,990.7110135,1873.674676,14769.81661,11692.24353,0.552038659,0.600482301,12.50374062,0.383686027,4.59E-05,37.79711396,1.357720441,0.442761753,0.217751107,0.549130839,0.184414882,0.411247788,0.392653073,1.373232037,0.066862551,1.366683057,0.133670116,0.548987218,1.053742607,0.5430796,1.263270829,0.419618041,6.233906775,0.4333799
11888-011.1,11/28/2016 1:09,6.753,6966,3252,2851,-146,-986,-6.1,9217.589031,14826.44972,194841.3061,0.233333335,0.1,2777.457822,510.1857571,853.6627787,2021.692514,13093.72479,12590.29027,0.621361721,0.557255145,13.14048458,0.658768507,4.80E-05,35.35599172,1.367616195,0.790001162,0.2194438,0.320137886,0.18434709,0.391388678,0.309555056,1.456207171,0.064872997,1.475586464,0.13736098,0.521233502,0.891414464,0.541338674,1.039571374,0.428775625,6.236385829,0.410112302
11888-009.1,11/28/2016 1:42,7.303,6966,3225,2797,-146,-986,-7.1,5537.607062,15080.45728,197176.084,0.233333336,0.1,3226.225784,592.9263355,122.0003005,2495.452598,2271.382687,15429.23855,0.36822154,1.454938616,13.07299645,1.043341143,4.13E-05,35.35590078,1.318326865,0.429559456,0.212529761,0.535277877,0.183195333,0.745790256,0.037187043,3.897756545,0.053603441,3.860338667,0.161798229,0.501935804,0.146668905,1.017500808,0.147415214,0.886295448,6.151737925,0.70682519
11888-012.1,11/28/2016 1:59,7.576,6966,3325,2822,-146,-986,-7,7070.033953,14062.91479,163335.4539,0.266666668,0.033333333,1330.756881,247.0249182,593.5070853,1000.709923,8724.583248,6164.667711,0.502548638,1.520421975,11.60995973,0.384463785,1.75E-04,26.72792644,1.332039614,0.609775435,0.215620335,0.713243716,0.185848843,0.565655633,0.450664135,3.915658772,0.070553007,1.937092086,0.070857434,0.658597752,0.621871709,1.884933641,1.414491334,1.210602618,6.153133803,0.58716115
11888-014.1,11/28/2016 2:15,7.849,6966,3423,2737,-138,-986,-6.5,7546.993331,14276.74886,190375.0716,0.266666668,0.05,1601.566159,294.2941566,529.4315431,1246.722067,8184.144208,7520.262945,0.52884901,0.599483431,13.32714773,0.377317414,1.35E-04,27.73645284,1.27501744,0.605935335,0.212227601,0.419064595,0.183768038,0.520576478,0.330061636,1.865242909,0.064634868,1.853628954,0.087449161,0.607856982,0.576581252,0.630021911,1.08850511,0.545750397,6.032071747,0.52365382
11888-017.1,11/28/2016 2:48,8.406,6971,3484,2723,-179,-986,-6.2,5582.757116,15096.23934,192905.779,0.266666669,0.066666667,2008.615954,369.5003935,242.8715559,1485.384615,3713.755152,9201.386857,0.369593636,1.081141085,12.76988563,1.089614917,9.96E-05,28.86861888,1.349576093,1.051143554,0.216497602,0.801320608,0.184343297,0.859746888,0.120796998,2.699280957,0.065153468,2.739912512,0.098166987,1.052476168,0.246088883,1.653515242,0.403399727,0.724476383,6.212390739,0.476657603
11888-023.1,11/28/2016 3:05,8.68,6965,2974,3026,-154,-986,-7,10032.64395,14969.22457,130949.447,0.283333336,0.016666667,3625.555133,675.3660601,1024.782751,2665.488889,15419.70916,16777.80281,0.672333741,0.549596207,8.737392538,1.091296992,7.36E-05,25.00070712,1.372874941,0.954418028,0.217962465,0.52165216,0.185857447,0.341028367,0.281591681,1.331373637,0.066640186,1.338991165,0.174612459,0.491551354,1.012874009,1.286173061,0.919441235,0.391304127,6.291261411,0.690108
11888-023.2,11/28/2016 3:21,8.953,6965,3014,3013,-146,-986,-7.1,6924.595805,14183.27013,193310.4693,0.166666668,0.083333334,3320.164883,614.6559923,531.4315871,2454.4007,7778.120007,15303.2679,0.487904506,0.622163511,13.62317288,0.676607547,2.51E-05,44.72179114,1.37407011,0.390442489,0.220093602,0.493204012,0.184098748,0.652095781,0.158605101,1.885971757,0.068316509,1.875417723,0.169022369,0.514809342,0.536547951,0.646618147,0.508500391,0.517508079,6.228016045,0.375441159
11888-024.1,11/28/2016 3:55,9.512,6965,3089,2998,-154,-986,-6.6,5560.435024,13750.55704,195359.6654,0.931481503,0.1,5555.101849,1041.924271,613.4520374,4238.02908,9524.683525,26062.55821,0.402367307,2.69983382,14.18448311,1.131358505,1.29E-04,16.74407491,1.307009895,0.330941347,0.212193082,0.257811529,0.186679617,0.280729887,0.109472222,1.744519857,0.064302751,1.744843383,0.305589874,0.822446325,0.682399918,1.470169083,0.364861766,1.159419147,6.159584789,0.292777406
11888-027.1,11/28/2016 4:11,9.785,6965,3144,2993,-146,-986,-5.5,7720.844771,13983.94913,123588.5533,0.133333334,0.05,2740.065498,502.5522069,590.7848027,2011.944172,8569.905728,12506.72801,0.552242385,0.597380327,8.85214854,0.388608353,3.04E-05,44.72188247,1.346917859,0.665173867,0.216243379,0.581286343,0.184647706,0.39424537,0.217379718,1.745475903,0.068997196,1.764489007,0.146530212,0.5298657,0.622922826,0.614929062,0.68424717,0.504521787,6.223572578,0.411476285
11888-026.1,11/28/2016 4:27,10.058,6965,3216,2905,-146,-986,-6.4,11197.95601,14669.49664,202038.4123,0.166666668,0.083333334,3735.483421,700.9824783,825.0506542,2768.448933,12176.3061,17042.05295,0.76396305,1.26198156,13.79484619,1.067010429,2.23E-05,44.72174312,1.35299134,0.879908554,0.219338364,0.276538438,0.187319073,0.760009927,0.219843077,1.484272328,0.067830783,1.491690984,0.187993554,0.487646415,0.827889203,0.924713468,0.715031792,0.426233844,6.145950088,0.713238783
11888-028.1,11/28/2016 5:00,10.605,6965,3211,2960,-137,-986,-6.9,5750.736874,13615.56203,178203.9825,0.333333336,0.116666667,1878.862885,346.2719787,275.9089369,1439.740295,4210.893581,8925.346941,0.422486904,0.667855796,13.10514491,0.391415973,1.15E-04,27.73623985,1.320999648,0.508702859,0.213567204,0.388617494,0.183308803,0.871780441,0.144887482,2.610913009,0.065196969,2.577445218,0.103609251,0.596115626,0.303143522,0.798183682,0.472072103,0.692925404,6.178101318,0.488526038
11888-031.1,11/28/2016 5:17,10.887,6965,3281,2935,-137,-986,-5.8,3653.027935,12451.03439,162224.3428,0.266666669,0.066666667,1822.677089,326.4909798,135.2411107,1345.888355,1997.384732,8307.555847,0.294105019,0.795751147,13.14479696,0.455687688,1.10E-04,28.86873166,1.308897596,0.528154125,0.211099806,0.401260876,0.181242671,0.495661947,0.074548618,3.72206645,0.06688215,3.802870386,0.111159093,1.175119008,0.162364648,1.213292165,0.238981054,0.974764566,6.181807832,0.511476454
11888-030.1,11/28/2016 5:34,11.16,6965,3346,2875,-137,-986,-5.9,8756.325927,12592.85526,130601.6837,0.231481484,0.083333334,5265.365241,969.4100903,858.903754,3845.780963,12931.51094,23974.81872,0.703169478,0.653220785,10.38088764,0.407815403,2.81E-05,33.54138234,1.367659823,0.710260946,0.219115434,0.467654192,0.184310672,0.288252284,0.163940133,2.851465504,0.066055177,2.390142022,0.305346539,0.491767096,1.045876932,0.631839049,0.540313385,0.861495469,6.231081835,0.305692255
11888-033.1,11/28/2016 6:07,11.71,6965,3393,2858,-128,-986,-6.7,4073.405039,14148.29088,198063.5106,0.300000003,0.05,813.9464547,100.0829704,43.5185587,917.4685906,776.6417101,5689.976679,0.288626373,0.747337297,14.01499423,0.380903821,3.07E-04,25.82293901,0.891314863,0.671221763,0.144048834,0.861374658,0.122331554,1.392186182,0.051180736,10.78125063,0.055319581,11.36453296,0.064252495,0.66671026,0.054813363,1.630509366,0.136535265,1.512061862,6.181629598,0.607248739
11888-036.1,11/28/2016 6:23,11.983,6965,3468,2895,-128,-986,-6.9,8201.419876,13760.23463,118929.7149,0.200000001,0.133333334,2628.274552,484.5421381,577.7289085,1934.750396,8564.588474,12067.9558,0.597012174,1.715690497,8.7035094,0.442874511,2.54E-05,50.00048751,1.374852131,0.746023729,0.220343931,0.32936535,0.183586465,0.404006038,0.218376006,2.95639716,0.06771668,1.780352681,0.137735147,0.549082125,0.613659265,2.596237063,0.710020705,1.346321383,6.218132856,0.963741072
11888-044.1,11/28/2016 6:39,12.257,6966,3062,3069,-161,-986,-6.6,5477.214849,13875.41221,158009.4878,0.266666669,0.133333334,2166.55599,401.0362729,248.4827247,1753.763549,4008.055614,10718.04178,0.395851275,1.657712334,11.40384542,1.862836008,6.15E-05,35.35617574,1.253744532,0.817815213,0.205250504,0.362061992,0.184430318,0.448336938,0.112360651,2.744491417,0.062592637,2.761513852,0.124220455,1.140418977,0.284822031,1.853235943,0.374382878,0.705768513,6.13804219,0.502589519
11888-045.1,11/28/2016 7:12,12.804,6966,3107,3102,-170,-986,-6,12380.36449,14053.9367,191863.7259,0.350000003,0.033333333,3769.549573,695.5575402,1385.030426,2775.308266,21054.34577,17082.06222,0.877577247,2.531327375,13.66219537,0.657646741,8.40E-05,22.94231452,1.340556662,0.832576013,0.21692931,0.489933781,0.185674851,0.338087343,0.372648946,1.147313622,0.065435351,1.171161277,0.199236427,1.776208276,1.51558181,2.738741314,1.23032479,0.75386089,6.163812439,0.549984932
11888-046.1,11/28/2016 7:29,13.077,6966,3167,3042,-162,-986,-6.5,10174.55397,14523.91543,125226.5741,0.31666667,0.066666667,4181.818417,772.2402221,1001.354058,3043.412648,15172.79427,19028.42809,0.700647746,0.545504506,8.616103407,0.379870116,5.98E-05,25.82048252,1.375062291,0.378060716,0.221032667,0.262286769,0.184548018,0.319095748,0.242333614,1.467128846,0.066276999,1.352787077,0.208167118,0.478414849,1.037981812,0.524184193,0.797389236,0.388011899,6.241733932,0.335859372
11888-047.1,11/28/2016 7:45,13.35,6966,3227,3012,-162,-986,-7.1,7305.460035,14484.08197,127044.1945,0.233333336,0.083333334,2331.19535,431.5659487,697.1578884,1774.41934,10424.28207,11015.58518,0.510656949,0.674781916,8.845953418,0.428515306,6.43E-05,33.33415803,1.331842909,0.857003372,0.214188586,0.346084575,0.184459982,0.426542044,0.297817497,1.61407411,0.067104187,1.635875946,0.119523771,0.892891939,0.703686038,0.583989532,0.946952755,0.471354285,6.192283901,0.896051908
11888-013.1,11/28/2016 18:29,24.088,6966,3392,2759,-137,-986,-6.3,7784.223932,14580.67906,193811.7257,0.416666671,0.066666667,2443.901002,454.7094394,721.4733824,1792.930982,10788.39703,11199.96011,0.533933885,0.589589032,13.28172235,0.374083901,1.43E-04,21.82299088,1.358798627,0.798775224,0.217060686,0.729356537,0.186297182,0.41560195,0.294051317,1.583291567,0.066584128,1.590238366,0.122994156,0.538361682,0.740366208,0.571392117,0.96241136,0.465990806,6.255024589,0.435261905
11888-043.1,11/28/2016 19:03,24.645,6966,2982,3079,-170,-986,-5.1,3449.134128,9105.817952,121012.7639,0.266666669,0.016666667,1713.072639,294.5904628,99.94469514,1179.007597,1733.673034,7365.777821,0.382431183,1.659517472,13.31220249,0.582937146,1.46E-04,25.82133811,1.376587023,0.60435504,0.220585894,0.445499253,0.182039514,0.603913749,0.060485151,4.76662375,0.056308317,7.895317095,0.138585472,0.75251674,0.204094984,2.227578537,0.238545117,1.32687632,6.234578338,0.681168557
11888-057.1,11/28/2016 19:24,24.999,6968,3589,2902,-153,-986,-6.8,3870.188204,12409.06883,170873.6161,0.166666667,0.083333334,816.8950978,121.5109081,71.11121274,818.8426925,1153.380254,5078.048811,0.313363394,2.338173309,13.79188147,0.677586102,1.02E-04,44.72311426,1.029187522,2.110802617,0.166025027,1.33723427,0.147682602,2.06113162,0.088056822,5.337406932,0.061566504,5.135331769,0.065793243,0.800542862,0.095533103,4.729957526,0.226925744,6.780563073,6.15181702,0.675151815
11888-069.1,11/28/2016 19:42,25.306,6961,3285,3167,-111,-986,-6.7,4194.548124,13363.61159,180781.7782,0.183333334,0.133333334,2035.799367,352.1340446,142.815227,1543.676119,2107.985453,9690.961604,0.313864573,0.749444119,13.53189168,0.395090669,2.46E-05,57.73557224,1.31958025,0.841995846,0.210502166,0.372082843,0.172976067,0.47466894,0.068469516,6.892375961,0.068247085,5.787717138,0.116403526,0.617754459,0.157513073,1.05622304,0.217784147,0.951984261,6.280150595,0.478627814
11888-081.1,11/28/2016 20:19,25.913,6967,3635,3018,-144,-986,-6.3,5076.868194,14776.03354,193512.5476,0.183333335,0.133333334,2093.816014,369.9074979,159.6857061,1586.166737,2432.438498,9921.189078,0.343473569,0.681037037,13.097161,0.842421624,2.39E-05,57.73555697,1.315950939,0.47807139,0.210024928,0.363138482,0.176765285,0.840825236,0.077809687,5.586247883,0.067865864,3.544271926,0.107588659,0.555593369,0.1653253,0.970102442,0.24503187,0.872165696,6.261045909,0.462681755
11888-090.1,11/28/2016 20:37,26.221,6960,3165,3247,-102,-986,-7.1,4585.809885,15036.04082,196731.2013,0.150000001,0.016666667,1447.849953,250.9027778,151.8337959,1128.094113,2342.039512,7121.045253,0.305213277,0.711187772,13.08763287,0.755692112,9.21E-05,35.35659119,1.295329118,0.573898401,0.205122764,0.431971516,0.172640372,0.552646909,0.105346842,3.442976449,0.064712795,3.452147782,0.073749712,0.624023443,0.154376656,1.685752025,0.329114859,0.906985504,6.29886395,0.547455271
11888-033.2,11/28/2016 23:18,28.9,6968,3402,2855,-151,-986,-6.7,5226.958477,14653.53387,215458.051,0.216666668,0.083333334,968.8552437,124.706691,28.33334996,1140.682442,701.046913,6912.520896,0.356411442,0.671859589,14.70718662,0.371667866,1.38E-04,35.35721039,0.84454488,0.617525109,0.138435005,0.498088401,0.129167833,0.760594074,0.029455313,8.1801258,0.040364776,7.949090615,0.078164157,1.707454154,0.048213539,1.706218141,0.101275218,1.597833151,6.06881909,0.55132629
11888-053.1,11/29/2016 3:04,32.667,6967,3476,2952,-152,-986,-6.6,5166.230091,14805.99971,200570.606,0.350000003,0.083333334,2623.290618,473.4516619,77.94456768,2004.008773,1188.127186,12234.60272,0.348949549,1.05560597,13.54421838,0.371418962,1.02E-04,25.00097732,1.310151513,0.426026019,0.213632682,0.326690124,0.18075385,0.407031009,0.029733164,4.883394943,0.064825049,4.859153676,0.134375191,0.523869447,0.082364084,1.461096924,0.096860618,1.216116257,6.109322638,0.412549205
11888-095.1,11/29/2016 3:20,32.94,6966,3364,3204,-160,-986,-7.2,7714.45877,14654.47714,185172.9317,0.296296299,0.116666667,2695.627156,497.3853867,1019.122155,2062.661858,15509.57112,12628.08761,0.528285386,1.070320013,12.65223292,0.839331585,6.66E-05,30.46116548,1.325077387,0.425918245,0.216403434,0.324158111,0.183843638,0.398139803,0.378066156,1.342032853,0.065796317,1.356364225,0.137150736,0.528638952,1.033368929,0.965987619,1.229907263,0.404076398,6.100275278,0.789415199
11888-099.1,11/29/2016 3:37,33.214,6966,3479,3184,-152,-986,-6.7,5614.453079,13583.09969,112689.8275,0.133333334,0.133333334,1535.045776,287.0127775,441.3557694,1150.253417,6590.748035,7074.979596,0.413580322,0.668396528,8.287965385,0.397443164,6.03E-21,9999,1.335057062,0.56944,0.216812802,0.433076196,0.186891202,0.529723664,0.288126203,2.071619696,0.066277793,2.067401584,0.084080086,0.63843241,0.487215938,0.687680617,0.933565288,0.600443944,6.142523614,0.554914546
11888-100.1,11/29/2016 4:10,33.763,6966,3534,3171,-143,-986,-5.5,4898.914353,14126.32356,199020.1245,0.200000002,0.033333333,944.2286362,171.8859926,521.8758733,699.4518316,8114.658606,4304.947546,0.346494583,0.692310686,14.09170435,0.379522465,1.77E-04,31.62492329,1.334296405,1.153036467,0.215744846,0.541173543,0.182635333,0.679029165,0.552972276,1.871717049,0.063906088,1.876005631,0.05023921,0.725889631,0.582250357,0.622276352,1.882022962,0.589853722,6.179125504,0.694658021
